<?xml version="1.0" encoding="UTF-8"?>
<GenRun Id="impl_1" LaunchPart="xc7s50csga324-1" LaunchTime="1764783814">
  <File Type="REPORTS-TCL" Name="cla5_registered_reports.tcl"/>
  <File Type="ROUTE-PWR-SUM" Name="cla5_registered_power_summary_routed.pb"/>
  <File Type="BITSTR-MMI" Name="cla5_registered.mmi"/>
  <File Type="OPT-DRC" Name="cla5_registered_drc_opted.rpt"/>
  <File Type="BG-DRC" Name="cla5_registered.drc"/>
  <File Type="ROUTE-STATUS-PB" Name="cla5_registered_route_status.pb"/>
  <File Type="BG-BGN" Name="cla5_registered.bgn"/>
  <File Type="PLACE-UTIL" Name="cla5_registered_utilization_placed.rpt"/>
  <File Type="PLACE-UTIL-PB" Name="cla5_registered_utilization_placed.pb"/>
  <File Type="PLACE-IO" Name="cla5_registered_io_placed.rpt"/>
  <File Type="BG-BIN" Name="cla5_registered.bin"/>
  <File Type="PLACE-CTRL" Name="cla5_registered_control_sets_placed.rpt"/>
  <File Type="ROUTE-PWR-RPX" Name="cla5_registered_power_routed.rpx"/>
  <File Type="BITSTR-MSK" Name="cla5_registered.msk"/>
  <File Type="BITSTR-RBT" Name="cla5_registered.rbt"/>
  <File Type="ROUTE-TIMINGSUMMARY" Name="cla5_registered_timing_summary_routed.rpt"/>
  <File Type="ROUTE-TIMING-RPX" Name="cla5_registered_timing_summary_routed.rpx"/>
  <File Type="ROUTE-STATUS" Name="cla5_registered_route_status.rpt"/>
  <File Type="PA-TCL" Name="cla5_registered.tcl"/>
  <File Type="ROUTE-PWR" Name="cla5_registered_power_routed.rpt"/>
  <File Type="ROUTE-DRC" Name="cla5_registered_drc_routed.rpt"/>
  <File Type="ROUTE-DRC-RPX" Name="cla5_registered_drc_routed.rpx"/>
  <File Type="ROUTE-DRC-PB" Name="cla5_registered_drc_routed.pb"/>
  <File Type="BITSTR-SYSDEF" Name="cla5_registered.sysdef"/>
  <File Type="ROUTE-METHODOLOGY-DRC" Name="cla5_registered_methodology_drc_routed.rpt"/>
  <File Type="ROUTE-METHODOLOGY-DRC-RPX" Name="cla5_registered_methodology_drc_routed.rpx"/>
  <File Type="BITSTR-LTX" Name="debug_nets.ltx"/>
  <File Type="BITSTR-LTX" Name="cla5_registered.ltx"/>
  <File Type="ROUTE-METHODOLOGY-DRC-PB" Name="cla5_registered_methodology_drc_routed.pb"/>
  <File Type="ROUTE-SIMILARITY" Name="cla5_registered_incremental_reuse_routed.rpt"/>
  <File Type="RDI-RDI" Name="cla5_registered.vdi"/>
  <File Type="ROUTE-CLK" Name="cla5_registered_clock_utilization_routed.rpt"/>
  <File Type="ROUTE-BUS-SKEW" Name="cla5_registered_bus_skew_routed.rpt"/>
  <File Type="ROUTE-BUS-SKEW-RPX" Name="cla5_registered_bus_skew_routed.rpx"/>
  <File Type="ROUTE-BUS-SKEW-PB" Name="cla5_registered_bus_skew_routed.pb"/>
  <File Type="POSTROUTE-PHYSOPT-TIMING" Name="cla5_registered_timing_summary_postroute_physopted.rpt"/>
  <File Type="POSTROUTE-PHYSOPT-TIMING-RPX" Name="cla5_registered_timing_summary_postroute_physopted.rpx"/>
  <File Type="POSTROUTE-PHYSOPT-TIMING-PB" Name="cla5_registered_timing_summary_postroute_physopted.pb"/>
  <File Type="POSTROUTE-PHYSOPT-BUS-SKEW" Name="cla5_registered_bus_skew_postroute_physopted.rpt"/>
  <File Type="POSTROUTE-PHYSOPT-BUS-SKEW-RPX" Name="cla5_registered_bus_skew_postroute_physopted.rpx"/>
  <File Type="BG-BIT" Name="cla5_registered.bit"/>
  <File Type="POSTROUTE-PHYSOPT-BUS-SKEW-PB" Name="cla5_registered_bus_skew_postroute_physopted.pb"/>
  <File Type="BITSTR-NKY" Name="cla5_registered.nky"/>
  <File Type="BITSTR-BMM" Name="cla5_registered_bd.bmm"/>
  <File Type="WBT-USG" Name="usage_statistics_webtalk.html"/>
  <File Type="OPT-HWDEF" Name="cla5_registered.hwdef"/>
  <File Type="PLACE-PRE-SIMILARITY" Name="cla5_registered_incremental_reuse_pre_placed.rpt"/>
  <File Type="ROUTE-DCP" Name="cla5_registered_routed.dcp"/>
  <File Type="ROUTE-ERROR-DCP" Name="cla5_registered_routed_error.dcp"/>
  <File Type="ROUTE-BLACKBOX-DCP" Name="cla5_registered_routed_bb.dcp"/>
  <File Type="ROUTE-TIMING-PB" Name="cla5_registered_timing_summary_routed.pb"/>
  <File Type="OPT-DCP" Name="cla5_registered_opt.dcp"/>
  <File Type="PLACE-DCP" Name="cla5_registered_placed.dcp"/>
  <File Type="PWROPT-DCP" Name="cla5_registered_pwropt.dcp"/>
  <File Type="POSTPLACE-PWROPT-DCP" Name="cla5_registered_postplace_pwropt.dcp"/>
  <File Type="PHYSOPT-DCP" Name="cla5_registered_physopt.dcp"/>
  <File Type="POSTROUTE-PHYSOPT-DCP" Name="cla5_registered_postroute_physopt.dcp"/>
  <File Type="POSTROUTE-PHYSOPT-BLACKBOX-DCP" Name="cla5_registered_postroute_physopt_bb.dcp"/>
  <File Type="PDI-FILE" Name="cla5_registered.pdi"/>
  <File Type="BOOT-PDI-FILE" Name="cla5_registered_boot.pdi"/>
  <File Type="PL-PDI-FILE" Name="cla5_registered_pld.pdi"/>
  <File Type="RCFI_FILE" Name="cla5_registered.rcfi"/>
  <File Type="CFI_FILE" Name="cla5_registered.cfi"/>
  <File Type="RNPI_FILE" Name="cla5_registered.rnpi"/>
  <File Type="NPI_FILE" Name="cla5_registered.npi"/>
  <File Type="RBD_FILE" Name="cla5_registered.rbd"/>
  <File Type="ROUTE-RQS" Name="cla5_registered_routed.rqs"/>
  <File Type="POSTROUTE-PHYSOPT-RQS" Name="cla5_registered_postroute_physopted.rqs"/>
  <File Type="ROUTE-RQS-RPT" Name="route_report_qor_suggestions_0.rpt"/>
  <File Type="POSTROUTE-PHYSOPT-RQS-RPT" Name="postroute_physopt_report_qor_suggestions_0.rpt"/>
  <File Type="MMI-FILE" Name="cla5_registered.mmi"/>
  <File Type="BIF-FILE" Name="cla5_registered.bif"/>
  <File Type="BOOT-BIF-FILE" Name="cla5_registered_boot.bif"/>
  <File Type="PL-BIF-FILE" Name="cla5_registered_pld.bif"/>
  <File Type="LTX-FILE" Name="cla5_registered.ltx"/>
  <File Type="BOOT-LTX-FILE" Name="cla5_registered_boot.ltx"/>
  <File Type="PL-LTX-FILE" Name="cla5_registered_pld.ltx"/>
  <File Type="RCDO-FILE" Name="cla5_registered.rcdo"/>
  <File Type="MARKER-RCDO-FILE" Name="cla5_registered_markers.rcdo"/>
  <File Type="PL-RCDO-FILE" Name="cla5_registered_pld.rcdo"/>
  <File Type="MARKER-RNPI-FILE" Name="cla5_registered_markers.rnpi"/>
  <File Type="BOOT_RNPI_FILE" Name="cla5_registered_boot.rnpi"/>
  <File Type="PL_RNPI_FILE" Name="cla5_registered_pld.rnpi"/>
  <File Type="BOOT_MARKER_RNPI_FILE" Name="cla5_registered_boot_markers.rnpi"/>
  <File Type="PL_MARKER_RNPI_FILE" Name="cla5_registered_pld_markers.rnpi"/>
  <File Type="PL_MASK_RNPI_FILE" Name="cla5_registered_pld_mask.rnpi"/>
  <File Type="PL_SHUTDOWN_RNPI_FILE" Name="cla5_registered_pld_shutdown.rnpi"/>
  <File Type="PL_UNMASK_RNPI_FILE" Name="cla5_registered_pld_unmask.rnpi"/>
  <File Type="PL-CLEAR-RCDO-FILE" Name="cla5_registered_pld_clear.rcdo"/>
  <File Type="PL_MARKER_RCDO_FILE" Name="cla5_registered_pld_markers.rcdo"/>
  <File Type="PL_MASK_RCDO_FILE" Name="cla5_registered_pld_mask.rcdo"/>
  <File Type="PL_UNMASK_MARKER_RCDO_FILE" Name="cla5_registered_pld_unmask_markers.rcdo"/>
  <File Type="PL_UNMASK_RCDO_FILE" Name="cla5_registered_pld_unmask.rcdo"/>
  <File Type="NOC_TRAFFIC_SPEC_FILE" Name="cla5_registered.nts"/>
  <File Type="NOC_SOLUTION_FILE" Name="cla5_registered.ncr"/>
  <FileSet Name="sources" Type="DesignSrcs" RelSrcDir="$PSRCDIR/sources_1" RelGenDir="$PGENDIR/sources_1">
    <Filter Type="Srcs"/>
    <File Path="$PSRCDIR/sources_1/new/cla5.v">
      <FileInfo>
        <Attr Name="UsedIn" Val="synthesis"/>
        <Attr Name="UsedIn" Val="implementation"/>
        <Attr Name="UsedIn" Val="simulation"/>
      </FileInfo>
    </File>
    <Config>
      <Option Name="DesignMode" Val="RTL"/>
      <Option Name="TopModule" Val="cla5_registered"/>
      <Option Name="TopAutoSet" Val="TRUE"/>
    </Config>
  </FileSet>
  <FileSet Name="constrs_in" Type="Constrs" RelSrcDir="$PSRCDIR/constrs_1" RelGenDir="$PGENDIR/constrs_1">
    <Filter Type="Constrs"/>
    <File Path="$PSRCDIR/constrs_1/new/cla_constraints.xdc">
      <FileInfo>
        <Attr Name="UsedIn" Val="synthesis"/>
        <Attr Name="UsedIn" Val="implementation"/>
      </FileInfo>
    </File>
    <Config>
      <Option Name="ConstrsType" Val="XDC"/>
    </Config>
  </FileSet>
  <FileSet Name="utils" Type="Utils" RelSrcDir="$PSRCDIR/utils_1" RelGenDir="$PGENDIR/utils_1">
    <Filter Type="Utils"/>
    <File Path="$PSRCDIR/utils_1/imports/synth_1/cla5_registered.dcp">
      <FileInfo>
        <Attr Name="UsedIn" Val="synthesis"/>
        <Attr Name="UsedIn" Val="implementation"/>
        <Attr Name="UsedInSteps" Val="synth_1"/>
        <Attr Name="AutoDcp" Val="1"/>
      </FileInfo>
    </File>
    <Config>
      <Option Name="TopAutoSet" Val="TRUE"/>
    </Config>
  </FileSet>
  <Strategy Version="1" Minor="2">
    <StratHandle Name="Vivado Implementation Defaults" Flow="Vivado Implementation 2025"/>
    <Step Id="init_design"/>
    <Step Id="opt_design"/>
    <Step Id="power_opt_design"/>
    <Step Id="place_design"/>
    <Step Id="post_place_power_opt_design"/>
    <Step Id="phys_opt_design"/>
    <Step Id="route_design"/>
    <Step Id="post_route_phys_opt_design"/>
    <Step Id="write_bitstream"/>
    <Step Id="write_device_image"/>
  </Strategy>
</GenRun>
